{
  "project_info": {
    "project_number": "819396498439",
    "firebase_url": "https://ridealertz-36b0b-default-rtdb.firebaseio.com",
    "project_id": "ridealertz-36b0b",
    "storage_bucket": "ridealertz-36b0b.firebasestorage.app"
  },
  "client": [
    {
      "client_info": {
        "mobilesdk_app_id": "1:819396498439:android:0997bc7b2f8b52e012c6a2",
        "android_client_info": {
          "package_name": "com.example.ridealertz"
        }
      },
      "oauth_client": [],
      "api_key": [
        {
          "current_key": "AIzaSyCqs1MxGsuoRMZmK3Glxhq8vXETxEBRqPY"
        }
      ],
      "services": {
        "appinvite_service": {
          "other_platform_oauth_client": []
        }
      }
    }
  ],
  "configuration_version": "1"
}
